{"cameraMode":{"drawMode":0,"name":"Shaded","section":"Shading Mode"},"sceneLighting":true,"audioPlay":false,"sceneViewState":{"m_AlwaysRefresh":true,"showFog":true,"showSkybox":false,"showFlares":true,"showImageEffects":true,"showParticleSystems":true,"showVisualEffectGraphs":true,"m_FxEnabled":true},"in2DMode":false,"pivot":{"x":0.875983476638794,"y":2.5258426666259767,"z":-0.46252548694610598},"rotation":{"x":-0.45671990513801577,"y":-0.006141019519418478,"z":0.003154660575091839,"w":-0.8896003365516663},"size":1.9997408390045167,"orthographic":false}